RefORF	OGID	Ref_MSA_start	Ref_MSA_end	Ref_orf_start	Ref_orf_end	OutSpecies	OutSpeciesORF	OutS_MSA_start	OutS_MSA_end	OutS_orf_start	OutS_orf_end	NuclOverlap	ClassOverlap	perIdentity	perRefGap	perOutGap
gene-YNR061C-T1:BK006947.3:-|1|1270:15:30|uORF|GTG	0004603	126	141	15	29	Spar	gene-SPAR_N03630-T1:CP020255.1:-|1|1144:94:157|ouORF|CTG	137	202	94	156	4	Right	80.0	0.0	0.0
gene-YNR061C-T1:BK006947.3:-|1|1270:15:30|uORF|GTG	0004603	126	141	15	29	Sbay	nbisL1-mrna-2025-T1:Sbay_14:-|6|1187:100:151|uORF|ATG	101	154	100	150	15	Outer	60.0	0.0	0.0
gene-YNR061C-T1:BK006947.3:-|1|1270:15:30|uORF|GTG	0004603	126	141	15	29	Sbay	nbisL1-mrna-2025-T1:Sbay_14:-|7|1187:123:138|uORF|GTG	126	141	123	137	15	Perfect match	60.0	0.0	0.0
gene-YNR061C-T1:BK006947.3:-|1|1270:15:30|uORF|GTG	0004603	126	141	15	29	Sbay	nbisL1-mrna-2025-T1:Sbay_14:-|8|1187:134:146|uORF|CTG	137	149	134	145	4	Right	60.0	0.0	0.0
gene-YNR061C-T1:BK006947.3:-|2|1270:26:83|ouORF|TTG	0004603	137	196	26	82	Spar	gene-SPAR_N03630-T1:CP020255.1:-|1|1144:94:157|ouORF|CTG	137	202	94	156	59	Right	81.35593220338984	0.0	0.0
gene-YNR061C-T1:BK006947.3:-|2|1270:26:83|ouORF|TTG	0004603	137	196	26	82	Spar	gene-SPAR_N03630-T1:CP020255.1:-|2|1144:144:828|canonical|ATG	189	956	144	827	7	Right	81.35593220338984	0.0	0.0
gene-YNR061C-T1:BK006947.3:-|2|1270:26:83|ouORF|TTG	0004603	137	196	26	82	Sbay	nbisL1-mrna-2025-T1:Sbay_14:-|6|1187:100:151|uORF|ATG	101	154	100	150	17	Left	57.6271186440678	3.389830508474576	0.0
gene-YNR061C-T1:BK006947.3:-|2|1270:26:83|ouORF|TTG	0004603	137	196	26	82	Sbay	nbisL1-mrna-2025-T1:Sbay_14:-|7|1187:123:138|uORF|GTG	126	141	123	137	4	Left	57.6271186440678	3.389830508474576	0.0
gene-YNR061C-T1:BK006947.3:-|2|1270:26:83|ouORF|TTG	0004603	137	196	26	82	Sbay	nbisL1-mrna-2025-T1:Sbay_14:-|8|1187:134:146|uORF|CTG	137	149	134	145	13	Inner	57.6271186440678	3.389830508474576	0.0
gene-YNR061C-T1:BK006947.3:-|2|1270:26:83|ouORF|TTG	0004603	137	196	26	82	Sbay	nbisL1-mrna-2025-T1:Sbay_14:-|9|1187:186:924|canonical|ATG	189	927	186	923	7	Right	57.6271186440678	3.389830508474576	0.0
gene-YNR061C-T1:BK006947.3:-|3|1270:34:58|uORF|TTG	0004603	145	171	34	57	Spar	gene-SPAR_N03630-T1:CP020255.1:-|1|1144:94:157|ouORF|CTG	137	202	94	156	26	Outer	73.07692307692307	0.0	0.0
gene-YNR061C-T1:BK006947.3:-|3|1270:34:58|uORF|TTG	0004603	145	171	34	57	Sbay	nbisL1-mrna-2025-T1:Sbay_14:-|6|1187:100:151|uORF|ATG	101	154	100	150	9	Left	46.15384615384615	7.6923076923076925	0.0
gene-YNR061C-T1:BK006947.3:-|3|1270:34:58|uORF|TTG	0004603	145	171	34	57	Sbay	nbisL1-mrna-2025-T1:Sbay_14:-|8|1187:134:146|uORF|CTG	137	149	134	145	4	Left	46.15384615384615	7.6923076923076925	0.0
gene-YNR061C-T1:BK006947.3:-|4|1270:76:736|canonical|ATG	0004603	189	953	76	735	Spar	gene-SPAR_N03630-T1:CP020255.1:-|1|1144:94:157|ouORF|CTG	137	202	94	156	13	Left	84.03141361256544	2.74869109947644	0.0
gene-YNR061C-T1:BK006947.3:-|4|1270:76:736|canonical|ATG	0004603	189	953	76	735	Spar	gene-SPAR_N03630-T1:CP020255.1:-|2|1144:144:828|canonical|ATG	189	956	144	827	764	Right	84.03141361256544	2.74869109947644	0.0
gene-YNR061C-T1:BK006947.3:-|4|1270:76:736|canonical|ATG	0004603	189	953	76	735	Spar	gene-SPAR_N03630-T1:CP020255.1:-|34|1144:718:856|odORF|ATG	844	984	718	855	109	Right	84.03141361256544	2.74869109947644	0.0
gene-YNR061C-T1:BK006947.3:-|4|1270:76:736|canonical|ATG	0004603	189	953	76	735	Sbay	nbisL1-mrna-2025-T1:Sbay_14:-|9|1187:186:924|canonical|ATG	189	927	186	923	739	Inner	54.18848167539267	13.612565445026178	0.0
gene-YNR061C-T1:BK006947.3:-|4|1270:76:736|canonical|ATG	0004603	189	953	76	735	Sbay	nbisL1-mrna-2025-T1:Sbay_14:-|57|1187:865:937|odORF|ATG	868	940	865	936	73	Inner	54.18848167539267	13.612565445026178	0.0
gene-YNR061C-T1:BK006947.3:-|4|1270:76:736|canonical|ATG	0004603	189	953	76	735	Sbay	nbisL1-mrna-2025-T1:Sbay_14:-|61|1187:942:975|dORF|CTG	945	978	942	974	8	Right	54.18848167539267	13.612565445026178	0.0
gene-YNR061C-T1:BK006947.3:-|4|1270:76:736|canonical|ATG	0004603	189	953	76	735	Sbay	nbisL1-mrna-2025-T1:Sbay_14:-|62|1187:946:1078|dORF|ATG	949	1093	946	1077	4	Right	54.18848167539267	13.612565445026178	0.0
gene-YNR061C-T1:BK006947.3:-|52|1270:710:755|odORF|ATG	0004603	927	972	710	754	Spar	gene-SPAR_N03630-T1:CP020255.1:-|2|1144:144:828|canonical|ATG	189	956	144	827	29	Left	66.66666666666666	0.0	0.0
gene-YNR061C-T1:BK006947.3:-|52|1270:710:755|odORF|ATG	0004603	927	972	710	754	Spar	gene-SPAR_N03630-T1:CP020255.1:-|34|1144:718:856|odORF|ATG	844	984	718	855	45	Outer	66.66666666666666	0.0	0.0
gene-YNR061C-T1:BK006947.3:-|52|1270:710:755|odORF|ATG	0004603	927	972	710	754	Spar	gene-SPAR_N03630-T1:CP020255.1:-|42|1144:842:881|dORF|ATG	970	1009	842	880	2	Right	66.66666666666666	0.0	0.0
gene-YNR061C-T1:BK006947.3:-|52|1270:710:755|odORF|ATG	0004603	927	972	710	754	Sbay	nbisL1-mrna-2025-T1:Sbay_14:-|57|1187:865:937|odORF|ATG	868	940	865	936	13	Left	48.888888888888886	0.0	0.0
gene-YNR061C-T1:BK006947.3:-|52|1270:710:755|odORF|ATG	0004603	927	972	710	754	Sbay	nbisL1-mrna-2025-T1:Sbay_14:-|61|1187:942:975|dORF|CTG	945	978	942	974	27	Right	48.888888888888886	0.0	0.0
gene-YNR061C-T1:BK006947.3:-|52|1270:710:755|odORF|ATG	0004603	927	972	710	754	Sbay	nbisL1-mrna-2025-T1:Sbay_14:-|62|1187:946:1078|dORF|ATG	949	1093	946	1077	23	Right	48.888888888888886	0.0	0.0
gene-YNR061C-T1:BK006947.3:-|54|1270:732:771|odORF|ATG	0004603	949	999	732	770	Spar	gene-SPAR_N03630-T1:CP020255.1:-|2|1144:144:828|canonical|ATG	189	956	144	827	7	Left	40.0	22.0	0.0
gene-YNR061C-T1:BK006947.3:-|54|1270:732:771|odORF|ATG	0004603	949	999	732	770	Spar	gene-SPAR_N03630-T1:CP020255.1:-|34|1144:718:856|odORF|ATG	844	984	718	855	35	Left	40.0	22.0	0.0
gene-YNR061C-T1:BK006947.3:-|54|1270:732:771|odORF|ATG	0004603	949	999	732	770	Spar	gene-SPAR_N03630-T1:CP020255.1:-|42|1144:842:881|dORF|ATG	970	1009	842	880	29	Right	40.0	22.0	0.0
gene-YNR061C-T1:BK006947.3:-|54|1270:732:771|odORF|ATG	0004603	949	999	732	770	Spar	gene-SPAR_N03630-T1:CP020255.1:-|43|1144:855:894|dORF|GTG	983	1022	855	893	16	Right	40.0	22.0	0.0
gene-YNR061C-T1:BK006947.3:-|54|1270:732:771|odORF|ATG	0004603	949	999	732	770	Sbay	nbisL1-mrna-2025-T1:Sbay_14:-|61|1187:942:975|dORF|CTG	945	978	942	974	29	Left	54.0	6.0	0.0
gene-YNR061C-T1:BK006947.3:-|54|1270:732:771|odORF|ATG	0004603	949	999	732	770	Sbay	nbisL1-mrna-2025-T1:Sbay_14:-|62|1187:946:1078|dORF|ATG	949	1093	946	1077	50	Right	54.0	6.0	0.0
gene-YNR061C-T1:BK006947.3:-|58|1270:754:781|dORF|GTG	0004603	971	1009	754	780	Spar	gene-SPAR_N03630-T1:CP020255.1:-|34|1144:718:856|odORF|ATG	844	984	718	855	13	Left	42.10526315789473	28.947368421052634	0.0
gene-YNR061C-T1:BK006947.3:-|58|1270:754:781|dORF|GTG	0004603	971	1009	754	780	Spar	gene-SPAR_N03630-T1:CP020255.1:-|42|1144:842:881|dORF|ATG	970	1009	842	880	38	Left	42.10526315789473	28.947368421052634	0.0
gene-YNR061C-T1:BK006947.3:-|58|1270:754:781|dORF|GTG	0004603	971	1009	754	780	Spar	gene-SPAR_N03630-T1:CP020255.1:-|43|1144:855:894|dORF|GTG	983	1022	855	893	26	Right	42.10526315789473	28.947368421052634	0.0
gene-YNR061C-T1:BK006947.3:-|58|1270:754:781|dORF|GTG	0004603	971	1009	754	780	Sbay	nbisL1-mrna-2025-T1:Sbay_14:-|61|1187:942:975|dORF|CTG	945	978	942	974	7	Left	55.26315789473685	7.894736842105263	0.0
gene-YNR061C-T1:BK006947.3:-|58|1270:754:781|dORF|GTG	0004603	971	1009	754	780	Sbay	nbisL1-mrna-2025-T1:Sbay_14:-|62|1187:946:1078|dORF|ATG	949	1093	946	1077	38	Outer	55.26315789473685	7.894736842105263	0.0
gene-YNR061C-T1:BK006947.3:-|58|1270:754:781|dORF|GTG	0004603	971	1009	754	780	Sbay	nbisL1-mrna-2025-T1:Sbay_14:-|65|1187:987:1137|dORF|ATG	998	1185	987	1136	11	Right	55.26315789473685	7.894736842105263	0.0
gene-YNR061C-T1:BK006947.3:-|59|1270:758:794|dORF|ATG	0004603	986	1022	758	793	Spar	gene-SPAR_N03630-T1:CP020255.1:-|42|1144:842:881|dORF|ATG	970	1009	842	880	23	Left	72.22222222222221	0.0	0.0
gene-YNR061C-T1:BK006947.3:-|59|1270:758:794|dORF|ATG	0004603	986	1022	758	793	Spar	gene-SPAR_N03630-T1:CP020255.1:-|43|1144:855:894|dORF|GTG	983	1022	855	893	36	Left	72.22222222222221	0.0	0.0
gene-YNR061C-T1:BK006947.3:-|59|1270:758:794|dORF|ATG	0004603	986	1022	758	793	Sbay	nbisL1-mrna-2025-T1:Sbay_14:-|62|1187:946:1078|dORF|ATG	949	1093	946	1077	36	Outer	47.22222222222222	0.0	0.0
gene-YNR061C-T1:BK006947.3:-|59|1270:758:794|dORF|ATG	0004603	986	1022	758	793	Sbay	nbisL1-mrna-2025-T1:Sbay_14:-|65|1187:987:1137|dORF|ATG	998	1185	987	1136	24	Right	47.22222222222222	0.0	0.0
gene-YNR061C-T1:BK006947.3:-|63|1270:780:819|dORF|ATG	0004603	1008	1047	780	818	Spar	gene-SPAR_N03630-T1:CP020255.1:-|42|1144:842:881|dORF|ATG	970	1009	842	880	1	Left	84.61538461538461	0.0	0.0
gene-YNR061C-T1:BK006947.3:-|63|1270:780:819|dORF|ATG	0004603	1008	1047	780	818	Spar	gene-SPAR_N03630-T1:CP020255.1:-|43|1144:855:894|dORF|GTG	983	1022	855	893	14	Left	84.61538461538461	0.0	0.0
gene-YNR061C-T1:BK006947.3:-|63|1270:780:819|dORF|ATG	0004603	1008	1047	780	818	Spar	gene-SPAR_N03630-T1:CP020255.1:-|44|1144:906:960|dORF|CTG	1034	1090	906	959	13	Right	84.61538461538461	0.0	0.0
gene-YNR061C-T1:BK006947.3:-|63|1270:780:819|dORF|ATG	0004603	1008	1047	780	818	Sbay	nbisL1-mrna-2025-T1:Sbay_14:-|62|1187:946:1078|dORF|ATG	949	1093	946	1077	39	Outer	46.15384615384615	0.0	0.0
gene-YNR061C-T1:BK006947.3:-|63|1270:780:819|dORF|ATG	0004603	1008	1047	780	818	Sbay	nbisL1-mrna-2025-T1:Sbay_14:-|65|1187:987:1137|dORF|ATG	998	1185	987	1136	39	Outer	46.15384615384615	0.0	0.0
gene-YNR061C-T1:BK006947.3:-|65|1270:842:866|dORF|ATG	0004603	1072	1110	842	865	Spar	gene-SPAR_N03630-T1:CP020255.1:-|44|1144:906:960|dORF|CTG	1034	1090	906	959	18	Left	50.0	36.84210526315789	0.0
gene-YNR061C-T1:BK006947.3:-|65|1270:842:866|dORF|ATG	0004603	1072	1110	842	865	Spar	gene-SPAR_N03630-T1:CP020255.1:-|45|1144:966:999|dORF|ATG	1096	1129	966	998	14	Right	50.0	36.84210526315789	0.0
gene-YNR061C-T1:BK006947.3:-|65|1270:842:866|dORF|ATG	0004603	1072	1110	842	865	Spar	gene-SPAR_N03630-T1:CP020255.1:-|46|1144:976:1078|dORF|TTG	1106	1225	976	1077	4	Right	50.0	36.84210526315789	0.0
gene-YNR061C-T1:BK006947.3:-|65|1270:842:866|dORF|ATG	0004603	1072	1110	842	865	Sbay	nbisL1-mrna-2025-T1:Sbay_14:-|62|1187:946:1078|dORF|ATG	949	1093	946	1077	21	Left	26.31578947368421	31.57894736842105	23.684210526315788
gene-YNR061C-T1:BK006947.3:-|65|1270:842:866|dORF|ATG	0004603	1072	1110	842	865	Sbay	nbisL1-mrna-2025-T1:Sbay_14:-|65|1187:987:1137|dORF|ATG	998	1185	987	1136	38	Outer	26.31578947368421	31.57894736842105	23.684210526315788
gene-YNR061C-T1:BK006947.3:-|65|1270:842:866|dORF|ATG	0004603	1072	1110	842	865	Sbay	nbisL1-mrna-2025-T1:Sbay_14:-|69|1187:1061:1088|dORF|TTG	1072	1109	1061	1087	38	Inner	26.31578947368421	31.57894736842105	23.684210526315788
gene-YNR061C-T1:BK006947.3:-|67|1270:852:957|dORF|ATG	0004603	1096	1203	852	956	Spar	gene-SPAR_N03630-T1:CP020255.1:-|45|1144:966:999|dORF|ATG	1096	1129	966	998	34	Inner	61.6822429906542	0.9345794392523363	13.084112149532709
gene-YNR061C-T1:BK006947.3:-|67|1270:852:957|dORF|ATG	0004603	1096	1203	852	956	Spar	gene-SPAR_N03630-T1:CP020255.1:-|46|1144:976:1078|dORF|TTG	1106	1225	976	1077	97	Right	61.6822429906542	0.9345794392523363	13.084112149532709
gene-YNR061C-T1:BK006947.3:-|67|1270:852:957|dORF|ATG	0004603	1096	1203	852	956	Sbay	nbisL1-mrna-2025-T1:Sbay_14:-|65|1187:987:1137|dORF|ATG	998	1185	987	1136	89	Left	35.51401869158878	0.9345794392523363	28.971962616822427
gene-YNR061C-T1:BK006947.3:-|67|1270:852:957|dORF|ATG	0004603	1096	1203	852	956	Sbay	nbisL1-mrna-2025-T1:Sbay_14:-|69|1187:1061:1088|dORF|TTG	1072	1109	1061	1087	13	Left	35.51401869158878	0.9345794392523363	28.971962616822427
gene-YNR061C-T1:BK006947.3:-|67|1270:852:957|dORF|ATG	0004603	1096	1203	852	956	Sbay	nbisL1-mrna-2025-T1:Sbay_14:-|70|1187:1087:1108|dORF|GTG	1108	1156	1087	1107	49	Inner	35.51401869158878	0.9345794392523363	28.971962616822427
gene-YNR061C-T1:BK006947.3:-|67|1270:852:957|dORF|ATG	0004603	1096	1203	852	956	Sbay	nbisL1-mrna-2025-T1:Sbay_14:-|71|1187:1133:1166|dORF|TTG	1181	1214	1133	1165	22	Right	35.51401869158878	0.9345794392523363	28.971962616822427
gene-YNR061C-T1:BK006947.3:-|68|1270:862:940|dORF|TTG	0004603	1106	1185	862	939	Spar	gene-SPAR_N03630-T1:CP020255.1:-|45|1144:966:999|dORF|ATG	1096	1129	966	998	23	Left	56.9620253164557	1.2658227848101267	10.126582278481013
gene-YNR061C-T1:BK006947.3:-|68|1270:862:940|dORF|TTG	0004603	1106	1185	862	939	Spar	gene-SPAR_N03630-T1:CP020255.1:-|46|1144:976:1078|dORF|TTG	1106	1225	976	1077	79	Right	56.9620253164557	1.2658227848101267	10.126582278481013
gene-YNR061C-T1:BK006947.3:-|68|1270:862:940|dORF|TTG	0004603	1106	1185	862	939	Sbay	nbisL1-mrna-2025-T1:Sbay_14:-|65|1187:987:1137|dORF|ATG	998	1185	987	1136	79	Left	35.44303797468354	0.0	32.91139240506329
gene-YNR061C-T1:BK006947.3:-|68|1270:862:940|dORF|TTG	0004603	1106	1185	862	939	Sbay	nbisL1-mrna-2025-T1:Sbay_14:-|69|1187:1061:1088|dORF|TTG	1072	1109	1061	1087	3	Left	35.44303797468354	0.0	32.91139240506329
gene-YNR061C-T1:BK006947.3:-|68|1270:862:940|dORF|TTG	0004603	1106	1185	862	939	Sbay	nbisL1-mrna-2025-T1:Sbay_14:-|70|1187:1087:1108|dORF|GTG	1108	1156	1087	1107	49	Inner	35.44303797468354	0.0	32.91139240506329
gene-YNR061C-T1:BK006947.3:-|68|1270:862:940|dORF|TTG	0004603	1106	1185	862	939	Sbay	nbisL1-mrna-2025-T1:Sbay_14:-|71|1187:1133:1166|dORF|TTG	1181	1214	1133	1165	4	Right	35.44303797468354	0.0	32.91139240506329
gene-YNR061C-T1:BK006947.3:-|69|1270:884:911|dORF|GTG	0004603	1129	1156	884	910	Spar	gene-SPAR_N03630-T1:CP020255.1:-|46|1144:976:1078|dORF|TTG	1106	1225	976	1077	27	Outer	59.25925925925925	0.0	0.0
gene-YNR061C-T1:BK006947.3:-|69|1270:884:911|dORF|GTG	0004603	1129	1156	884	910	Sbay	nbisL1-mrna-2025-T1:Sbay_14:-|65|1187:987:1137|dORF|ATG	998	1185	987	1136	27	Outer	40.74074074074074	0.0	25.925925925925924
gene-YNR061C-T1:BK006947.3:-|69|1270:884:911|dORF|GTG	0004603	1129	1156	884	910	Sbay	nbisL1-mrna-2025-T1:Sbay_14:-|70|1187:1087:1108|dORF|GTG	1108	1156	1087	1107	27	Left	40.74074074074074	0.0	25.925925925925924
